City_ID,City,Country,Lat,Lng,Max Temp,Humidity,Cloudiness,Wind Speed,Current Description
0,Vaini,TO,-21.2,-175.2,78.8,94,20,5.75,few clouds
1,Krasnoselkup,RU,65.7,82.4667,1.74,98,71,9.17,broken clouds
2,Lins,BR,-21.6786,-49.7425,90.59,40,77,3.65,broken clouds
3,East London,ZA,-33.0153,27.9116,68.0,60,0,24.16,clear sky
4,Tessalit,ML,20.1986,1.0114,88.05,4,0,16.96,clear sky
5,Markova,UA,48.6758,24.4138,62.6,34,0,6.71,clear sky
6,Constitucion,CL,-35.3333,-72.4167,68.59,36,42,7.0,scattered clouds
7,Kapaa,US,22.0752,-159.319,73.4,78,20,14.97,few clouds
8,Prince Rupert,CA,54.3161,-130.3201,44.6,87,90,13.8,light rain
9,Basco,PH,20.4487,121.9702,78.89,86,11,15.82,few clouds
10,Georgetown,MY,5.4112,100.3354,86.0,74,20,10.36,few clouds
11,Bluff,NZ,-46.6,168.3333,57.99,87,75,1.99,broken clouds
12,Taoudenni,ML,22.6783,-3.9836,96.24,5,3,12.75,clear sky
13,Flin Flon,CA,54.7682,-101.865,8.6,85,75,2.3,broken clouds
14,Lagunas,PE,-5.2269,-75.6753,74.57,96,100,1.88,overcast clouds
15,Itoman,JP,26.1247,127.6694,73.4,83,75,17.27,broken clouds
16,Lorengau,PG,-2.0226,147.2712,79.72,84,98,8.19,overcast clouds
17,Gallup,US,35.5281,-108.7426,30.99,86,90,4.29,haze
18,Vyazemskiy,RU,47.5378,134.7525,34.25,98,100,3.0,overcast clouds
19,Coquimbo,CL,-29.9533,-71.3436,60.8,82,40,13.8,scattered clouds
20,Hervey Bay,AU,-25.2986,152.8535,73.99,73,8,3.91,clear sky
21,Yuci,CN,37.6803,112.7319,55.4,47,0,2.24,clear sky
22,Provideniya,RU,64.3833,-173.3,-1.59,100,100,4.21,overcast clouds
23,Ushuaia,AR,-54.8,-68.3,51.8,66,75,8.93,broken clouds
24,Busselton,AU,-33.65,115.3333,59.0,82,60,8.95,broken clouds
25,Rikitea,PF,-23.1203,-134.9692,78.55,73,33,20.09,light rain
26,Arnedo,ES,42.2167,-2.1,64.4,44,0,4.61,clear sky
27,Blacksburg,US,37.2296,-80.4139,64.99,51,1,6.91,clear sky
28,Lagoa,PT,39.05,-27.9833,58.41,83,99,13.31,overcast clouds
29,Tiksi,RU,71.6872,128.8694,7.88,96,100,2.3,overcast clouds
30,Bilibino,RU,68.0546,166.4372,-22.02,99,69,3.91,broken clouds
31,Cape Town,ZA,-33.9258,18.4232,68.0,42,20,20.71,few clouds
32,Punta Arenas,CL,-53.15,-70.9167,57.2,67,75,11.5,broken clouds
33,Saint George,US,37.1041,-113.5841,48.0,49,1,5.75,clear sky
34,Hilo,US,19.7297,-155.09,68.0,68,40,5.75,scattered clouds
35,Albany,US,42.6001,-73.9662,52.0,46,11,3.0,few clouds
36,Coahuayana,MX,18.7333,-103.6833,71.6,53,1,1.28,clear sky
37,Pisco,PE,-13.7,-76.2167,71.6,78,16,8.05,few clouds
38,Rocha,UY,-34.4833,-54.3333,76.87,73,42,3.13,scattered clouds
39,Ukiah,US,39.1502,-123.2078,45.0,81,1,3.44,clear sky
40,Pevek,RU,69.7008,170.3133,-20.92,94,98,3.98,overcast clouds
41,Jamestown,US,42.097,-79.2353,48.99,71,40,6.89,scattered clouds
42,Port Alfred,ZA,-33.5906,26.891,69.94,62,24,24.61,few clouds
43,Macapa,BR,0.0389,-51.0664,89.6,62,75,9.22,broken clouds
44,Ullapool,GB,57.8987,-5.1604,44.01,62,100,10.0,light rain
45,Klyuchi,RU,52.2667,79.1667,35.11,98,100,13.06,overcast clouds
46,Hasaki,JP,35.7333,140.8333,51.8,82,75,4.61,broken clouds
47,Annau,TM,37.8876,58.516,64.4,52,90,6.91,overcast clouds
48,Soyo,AO,-6.1349,12.3689,87.8,66,20,8.05,few clouds
49,Dikson,RU,73.5069,80.5464,-16.04,100,57,8.55,broken clouds
50,Hobart,AU,-42.8794,147.3294,53.6,71,75,10.36,broken clouds
51,Mataura,NZ,-46.1927,168.8643,57.99,87,36,1.99,light rain
52,Bathsheba,BB,13.2167,-59.5167,84.2,54,40,21.85,scattered clouds
53,Roald,NO,62.5833,6.1333,44.6,70,75,13.8,broken clouds
54,Fort Walton Beach,US,30.4058,-86.6188,70.0,100,90,9.22,overcast clouds
55,Longyearbyen,SJ,78.2186,15.6401,23.0,74,75,33.38,snow
56,New Norfolk,AU,-42.7826,147.0587,52.0,78,60,3.49,broken clouds
57,Tuktoyaktuk,CA,69.4541,-133.0374,-27.4,68,20,2.3,few clouds
58,Dickinson,US,29.4608,-95.0513,73.99,94,90,6.91,mist
59,Bredasdorp,ZA,-34.5322,20.0403,73.4,38,92,12.66,overcast clouds
60,Arraial Do Cabo,BR,-22.9661,-42.0278,89.6,62,0,13.8,clear sky
61,Butaritari,KI,3.0707,172.7902,80.85,79,99,14.94,light rain
62,Magistralnyy,RU,56.1725,107.4458,13.71,94,94,3.74,overcast clouds
63,Ribeira Grande,PT,38.5167,-28.7,62.6,77,75,11.5,broken clouds
64,Faanui,PF,-16.4833,-151.75,82.47,72,32,22.21,light rain
65,Hermanus,ZA,-34.4187,19.2345,66.99,61,57,1.99,broken clouds
66,Mabai,CN,23.0128,104.4508,60.42,96,30,4.05,scattered clouds
67,Markala,ML,13.7021,-6.0659,101.98,6,11,6.78,few clouds
68,Oktyabrskiy,RU,54.4815,53.471,33.48,96,100,10.18,light snow
69,Castro,BR,-24.7911,-50.0119,81.03,49,88,6.15,overcast clouds
70,Atuona,PF,-9.8,-139.0333,80.6,76,100,19.46,overcast clouds
71,Kondinskoye,RU,59.6481,67.41,26.85,87,99,11.83,overcast clouds
72,San Luis,AR,-33.295,-66.3356,59.79,49,1,7.72,clear sky
73,Torbay,CA,47.6666,-52.7314,30.99,100,90,28.77,snow
74,Anse-Bertrand,GP,16.4721,-61.5078,82.4,61,40,17.27,scattered clouds
75,Hithadhoo,MV,-0.6,73.0833,83.68,72,93,10.42,overcast clouds
76,Lebu,CL,-37.6167,-73.65,59.63,65,91,18.41,overcast clouds
77,Pitlochry,GB,56.7051,-3.7343,45.0,73,100,21.0,overcast clouds
78,Sikeston,US,36.8767,-89.5879,64.4,72,1,5.75,clear sky
79,Glendive,US,47.1053,-104.7125,33.01,80,90,6.91,overcast clouds
80,Port Hedland,AU,-20.3167,118.5667,82.4,83,0,6.91,clear sky
81,Acapulco,MX,16.8634,-99.8901,78.8,73,1,4.61,clear sky
82,Bethel,US,41.3712,-73.414,57.99,41,1,3.44,clear sky
83,Grenaa,DK,56.4158,10.8783,44.6,87,20,6.91,few clouds
84,Katsuura,JP,35.1333,140.3,61.0,72,75,10.36,broken clouds
85,Gibsons,CA,49.3997,-123.5027,44.01,87,94,2.3,overcast clouds
86,Tirano,IT,46.2154,10.1679,45.0,75,40,13.8,scattered clouds
87,Alto Piquiri,BR,-24.0281,-53.4406,85.68,52,99,9.89,overcast clouds
88,Megion,RU,61.0296,76.1136,32.0,93,20,4.47,light snow
89,Kodiak,US,57.79,-152.4072,30.2,43,1,18.41,clear sky
90,Sept-Iles,CA,50.2001,-66.3821,28.0,38,75,9.22,broken clouds
91,Barra Patuca,HN,15.8,-84.2833,78.82,78,88,12.06,overcast clouds
92,Huambo,AO,-12.7761,15.7392,68.04,82,92,3.74,light rain
93,Dandong,CN,40.1292,124.3947,45.36,87,100,4.74,light rain
94,Ancud,CL,-41.8697,-73.8203,62.01,100,40,4.61,scattered clouds
95,Comodoro Rivadavia,AR,-45.8667,-67.5,68.0,42,0,13.8,clear sky
96,Barrow,US,71.2906,-156.7887,-16.6,76,1,5.75,clear sky
97,Gamba,GA,-2.65,10.0,82.44,69,100,5.55,overcast clouds
98,Geraldton,AU,-28.7667,114.6,68.0,77,3,11.5,clear sky
99,Vao,NC,-22.6667,167.4833,77.79,79,4,11.83,clear sky
100,Abha,SA,18.2164,42.5053,73.4,43,0,11.5,clear sky
101,Chuy,UY,-33.6971,-53.4616,76.66,76,81,2.75,broken clouds
102,Leningradskiy,RU,69.3833,178.4167,-19.91,91,20,6.51,few clouds
103,Praia Da Vitoria,PT,38.7333,-27.0667,66.2,63,40,3.2,scattered clouds
104,Mangan,IN,27.5167,88.5333,66.25,32,0,6.64,clear sky
105,Ocala,US,29.1872,-82.1401,87.8,55,1,5.75,clear sky
106,Neiafu,TO,-18.65,-173.9833,78.8,89,20,9.22,few clouds
107,La Asuncion,VE,11.0333,-63.8628,79.23,74,100,14.14,overcast clouds
108,Safaga,EG,26.7292,33.9365,71.6,30,0,14.97,clear sky
109,Dargaville,NZ,-35.9333,173.8833,66.07,74,100,7.76,light rain
110,Ola,RU,59.5833,151.2833,-5.21,99,97,4.76,overcast clouds
111,Ketchikan,US,55.3422,-131.6461,42.8,100,90,16.11,heavy intensity rain
112,Takoradi,GH,4.8845,-1.7554,84.58,69,64,10.51,broken clouds
113,Nikolskoye,RU,59.7035,30.7861,50.0,53,0,6.71,clear sky
114,Coihaique,CL,-45.5752,-72.0662,60.8,55,75,4.61,broken clouds
115,Pauini,BR,-7.7136,-66.9764,85.6,64,65,3.15,broken clouds
116,Mehamn,NO,71.0357,27.8492,37.87,88,100,18.97,overcast clouds
117,Lazarev,RU,52.225,141.5131,7.47,97,56,5.75,broken clouds
118,Zapolyarnyy,RU,69.4154,30.8136,39.2,75,75,16.11,broken clouds
119,Seoul,KR,37.5683,126.9778,55.4,94,90,4.61,light rain
120,Teya,RU,60.3778,92.6267,29.21,94,100,6.93,overcast clouds
121,Talnakh,RU,69.4865,88.3972,15.64,96,100,2.13,overcast clouds
122,Avarua,CK,-21.2078,-159.775,80.6,83,75,8.05,light rain
123,Masty,BY,53.4122,24.5387,55.4,38,0,13.42,clear sky
124,Cap Malheureux,MU,-19.9842,57.6142,82.0,77,32,4.38,scattered clouds
125,Saint-Philippe,RE,-21.3585,55.7679,78.8,89,90,3.44,moderate rain
126,Tautira,PF,-17.7333,-149.15,77.0,88,40,3.44,light rain
127,Isangel,VU,-19.55,169.2667,77.05,88,5,6.17,clear sky
128,Nelson Bay,AU,-32.7167,152.15,64.99,94,25,5.75,scattered clouds
129,Naantali,FI,60.4674,22.0243,48.99,57,0,12.66,clear sky
130,Zaozerne,UA,45.1582,33.2787,48.25,63,32,9.17,scattered clouds
131,Thompson,CA,55.7435,-97.8558,3.2,85,1,3.44,clear sky
132,Sohag,EG,26.557,31.6948,73.4,20,0,21.85,clear sky
133,Suntar,RU,62.1444,117.6319,13.35,93,85,5.19,overcast clouds
134,Kruisfontein,ZA,-34.0033,24.7314,68.0,66,19,10.0,few clouds
135,Casablanca,MA,33.5928,-7.6192,75.2,49,75,9.22,broken clouds
136,Kargil,IN,34.5667,76.1,33.35,57,95,7.38,overcast clouds
137,Zeya,RU,53.75,127.2667,25.92,96,99,3.27,overcast clouds
138,Karratha,AU,-20.7377,116.8463,83.61,66,94,9.15,overcast clouds
139,Virginia Beach,US,36.8529,-75.978,66.99,45,20,12.66,few clouds
140,Nouadhibou,MR,20.931,-17.0347,71.6,64,0,19.57,clear sky
141,Beyneu,KZ,45.3167,55.2,41.22,65,92,16.91,overcast clouds
142,Buala,SB,-8.145,159.5921,80.11,83,24,8.08,light rain
143,Cayenne,GF,4.9333,-52.3333,87.8,66,75,17.27,broken clouds
144,Port Lincoln,AU,-34.7333,135.8667,58.91,75,1,4.29,clear sky
145,Waitati,NZ,-45.75,170.5667,62.01,66,97,8.01,overcast clouds
146,Ocean City,US,39.2776,-74.5746,64.4,45,1,6.91,clear sky
147,Baruun-Urt,MN,46.6806,113.2792,31.82,83,87,30.42,light snow
148,Victoria,HK,22.2855,114.1577,75.0,89,3,2.98,clear sky
149,Clyde River,CA,70.4692,-68.5914,3.2,60,90,8.05,overcast clouds
150,Troitsko-Pechorsk,RU,62.7084,56.1964,26.67,85,32,7.54,scattered clouds
151,Narsaq,GL,60.9167,-46.05,8.6,43,20,1.14,few clouds
152,Port Elizabeth,ZA,-33.918,25.5701,69.8,64,0,25.32,clear sky
153,Alta Floresta,BR,-9.8756,-56.0861,83.44,70,8,2.46,clear sky
154,Qaanaaq,GL,77.484,-69.3632,-6.63,68,100,6.78,overcast clouds
155,Cidreira,BR,-30.1811,-50.2056,78.84,69,96,6.24,light rain
156,Tan An,VN,10.5333,106.4167,82.4,74,20,8.05,few clouds
157,Broome,US,42.2506,-75.833,46.0,87,90,5.75,overcast clouds
158,Bar Harbor,US,44.3876,-68.2039,39.0,75,90,11.5,overcast clouds
159,Sibu,MY,2.3,111.8167,78.8,94,40,2.3,scattered clouds
160,Biltine,TD,14.5333,20.9167,95.34,9,1,16.53,clear sky
161,Zhigansk,RU,66.7697,123.3711,10.98,96,99,5.08,overcast clouds
162,Khrebtovaya,RU,56.7032,104.2494,12.88,97,93,3.36,overcast clouds
163,Kirakira,SB,-10.4544,161.9205,80.26,84,92,8.25,overcast clouds
164,Warman,CA,52.3168,-106.5679,27.0,79,20,5.75,few clouds
165,Azamgarh,IN,26.06,83.1861,81.43,12,0,5.39,clear sky
166,Hami,CN,42.8,93.45,58.35,41,100,7.45,overcast clouds
167,Puerto Ayora,EC,-0.7393,-90.3518,82.4,74,40,9.22,scattered clouds
168,Puerto Penasco,MX,31.3167,-113.5333,61.88,44,0,7.92,clear sky
169,Mableton,US,33.8157,-84.5619,70.0,88,90,4.61,overcast clouds
170,Kaeo,NZ,-35.1,173.7833,66.99,84,100,8.01,overcast clouds
171,Kiruna,SE,67.8557,20.2251,37.4,87,90,11.5,overcast clouds
172,Cape Coast,GH,5.1053,-1.2466,84.16,70,59,11.18,broken clouds
173,Flinders,AU,-34.5833,150.8552,63.0,76,37,1.01,scattered clouds
174,Chokurdakh,RU,70.6333,147.9167,-9.99,92,99,5.57,overcast clouds
175,Carnarvon,AU,-24.8667,113.6333,78.8,73,1,10.36,clear sky
176,Vila Velha,BR,-20.3297,-40.2925,88.0,58,20,9.22,few clouds
177,Severo-Kurilsk,RU,50.6789,156.125,26.13,83,100,32.55,light snow
178,Krasnovishersk,RU,60.4078,57.082,25.75,86,13,7.07,few clouds
179,Mahebourg,MU,-20.4081,57.7,77.0,94,40,6.91,light rain
180,Ulaangom,MN,49.9811,92.0667,10.83,82,100,5.26,overcast clouds
181,Zboriste,BA,45.1458,16.0178,63.0,58,0,17.27,clear sky
182,Cherskiy,RU,68.75,161.3,-21.21,99,33,5.37,scattered clouds
183,Helong,CN,42.5397,128.9972,41.43,89,100,3.02,overcast clouds
184,Pangoa,PE,-12.1167,-73.0,77.92,81,48,1.86,scattered clouds
185,Fethiye,TR,36.6217,29.1164,60.8,44,20,11.5,few clouds
186,Aldan,RU,58.6031,125.3894,23.07,96,100,4.5,light snow
187,Naze,JP,28.3667,129.4833,66.36,84,100,19.89,overcast clouds
188,Codrington,AU,-38.2667,141.9667,53.44,86,77,7.36,broken clouds
189,Taybad,IR,34.74,60.7756,80.17,21,71,4.36,broken clouds
190,Boende,CD,-0.2167,20.8667,91.9,39,35,3.15,scattered clouds
191,Iranshahr,IR,27.2025,60.6848,96.8,13,0,9.22,clear sky
192,Sinnamary,GF,5.3833,-52.95,80.58,80,61,10.38,broken clouds
193,Fraga,ES,41.5229,0.3489,66.0,45,0,8.05,clear sky
194,Khatanga,RU,71.9667,102.5,4.41,94,100,6.93,overcast clouds
195,Teguldet,RU,57.3064,88.1667,28.98,93,100,6.93,overcast clouds
196,Sola,VU,-13.8833,167.55,82.54,75,100,13.78,overcast clouds
197,Oussouye,SN,12.485,-16.5469,100.4,16,29,2.62,scattered clouds
198,Kerrville,US,30.0474,-99.1403,66.99,88,90,9.22,mist
199,Mitsamiouli,KM,-11.3847,43.2844,83.37,68,100,2.73,overcast clouds
200,Kerema,PG,-7.9631,145.7785,79.39,87,79,3.67,broken clouds
201,Sampit,ID,-2.5333,112.95,74.07,93,100,1.83,light rain
202,Kuandian,CN,40.7286,124.7847,43.02,87,100,2.93,overcast clouds
203,Husavik,IS,66.0449,-17.3389,17.6,45,0,5.75,clear sky
204,Manjacaze,MZ,-24.7117,33.8828,78.12,66,1,9.06,clear sky
205,Texarkana,US,33.4251,-94.0477,71.6,83,90,5.75,overcast clouds
206,Belmonte,BR,-15.8631,-38.8828,84.2,61,40,12.66,scattered clouds
207,Northam,GB,51.0333,-4.2167,52.0,75,97,5.01,overcast clouds
208,Airai,TL,-8.9266,125.4092,60.49,94,100,2.17,overcast clouds
209,Alice Springs,AU,-23.7,133.8833,69.8,78,40,5.75,scattered clouds
210,Shieli,KZ,44.1667,66.75,54.73,49,0,7.56,clear sky
211,Lillooet,CA,50.6856,-121.942,46.0,81,75,12.66,broken clouds
212,Jacksonville,US,30.3322,-81.6556,79.0,100,90,6.91,mist
213,Turukhansk,RU,65.8167,87.9833,15.19,95,100,6.44,overcast clouds
214,Ostrovnoy,RU,68.0531,39.5131,33.49,82,97,28.19,overcast clouds
215,Mackay,AU,-21.15,149.2,73.4,88,1,5.75,clear sky
216,Nanortalik,GL,60.1432,-45.2371,6.31,73,12,16.35,few clouds
217,Saint-Quentin,FR,49.8333,3.3333,51.8,50,75,23.02,broken clouds
218,Okhotsk,RU,59.3833,143.3,-1.59,99,98,3.13,overcast clouds
219,Cabo San Lucas,MX,22.8909,-109.9124,66.2,55,1,6.15,clear sky
220,Sayyan,YE,15.1718,44.3244,67.57,11,91,11.61,overcast clouds
221,Lavrentiya,RU,65.5833,-171.0,-15.61,90,16,4.25,few clouds
222,Tasiilaq,GL,65.6145,-37.6368,21.2,53,90,32.21,light snow
223,Mahajanga,MG,-15.7167,46.3167,86.0,70,20,9.22,few clouds
224,Kontagora,NG,10.3999,5.4695,101.43,9,3,6.35,clear sky
225,Vilyuysk,RU,63.7553,121.6247,15.08,94,98,5.14,overcast clouds
226,Bandipur,NP,27.9333,84.4167,64.15,16,0,3.13,clear sky
227,Jasper,US,37.2001,-94.3502,64.99,63,1,3.44,clear sky
228,Gat,IL,31.61,34.7642,64.0,53,8,11.21,clear sky
229,Hofn,IS,64.2539,-15.2082,24.46,69,100,15.39,overcast clouds
230,Palaikastron,GR,35.2,26.25,60.01,51,70,10.33,broken clouds
231,Sao Joao Da Barra,BR,-21.6403,-41.0511,87.8,58,20,9.17,few clouds
232,Huangchuan,CN,32.1272,115.0394,60.4,75,99,5.55,overcast clouds
233,Stephenville,US,32.2207,-98.2023,66.0,82,90,5.75,overcast clouds
234,Ahipara,NZ,-35.1667,173.1667,66.24,85,100,12.08,overcast clouds
235,Avera,US,33.194,-82.5271,73.99,75,90,9.13,haze
236,Paamiut,GL,61.994,-49.6678,1.04,72,0,33.6,clear sky
237,Cockburn Town,TC,21.4612,-71.1419,82.4,65,40,13.8,scattered clouds
238,Bowling Green,US,36.9903,-86.4436,57.99,88,75,4.61,broken clouds
239,Porto Novo,BJ,6.4965,2.6036,89.6,66,40,12.66,scattered clouds
240,Afrikanda,RU,67.4429,32.7828,37.0,97,100,9.08,overcast clouds
241,Beian,NO,63.6559,9.5683,41.0,81,75,14.97,broken clouds
242,Yellowknife,CA,62.456,-114.3525,7.0,84,20,5.75,few clouds
243,Kavaratti,IN,10.5669,72.642,84.49,73,96,11.18,overcast clouds
244,Beira,MZ,-19.8436,34.8389,86.0,74,20,11.5,few clouds
245,Jimani,DO,18.4917,-71.8502,86.0,45,0,18.41,clear sky
246,Jijiga,ET,9.35,42.8,76.89,18,11,18.23,few clouds
247,San Ciro De Acosta,MX,21.6333,-99.8167,77.68,28,47,3.74,scattered clouds
248,Faya,SA,18.3851,42.4509,73.4,43,0,11.5,clear sky
249,Kaputa,ZM,-8.4689,29.6619,72.43,87,33,1.79,moderate rain
250,Beringovskiy,RU,63.05,179.3167,-14.22,99,25,4.14,scattered clouds
251,Samarai,PG,-10.6167,150.6667,83.28,79,99,13.69,overcast clouds
252,Salalah,OM,17.0151,54.0924,84.2,54,0,5.75,clear sky
253,Sangar,RU,63.9242,127.4739,15.31,95,100,5.77,overcast clouds
254,Oistins,BB,13.0667,-59.5333,84.2,54,40,21.85,scattered clouds
255,Porirua,NZ,-41.1333,174.85,64.99,76,100,7.0,light rain
256,Gazimurskiy Zavod,RU,51.5461,118.3266,29.73,93,100,10.87,light snow
257,Jiazi,CN,22.8779,116.067,72.16,86,6,5.77,clear sky
258,Kaitangata,NZ,-46.2817,169.8464,60.01,76,10,5.19,clear sky
259,Padang,ID,-0.9492,100.3543,80.6,89,40,2.3,scattered clouds
260,Yulara,AU,-25.2406,130.9889,75.2,69,99,5.75,overcast clouds
261,Rongcheng,CN,30.634,117.8517,59.94,91,95,2.24,overcast clouds
262,Poum,NC,-20.2333,164.0167,80.4,74,80,10.67,broken clouds
263,The Valley,AI,18.217,-63.0578,82.4,65,40,18.41,scattered clouds
264,Marystown,CA,47.1666,-55.1483,31.33,91,100,34.45,snow
265,Alofi,NU,-19.0595,-169.9187,78.8,94,14,6.91,light rain
266,Burnie,AU,-41.0667,145.9167,54.64,83,34,11.43,scattered clouds
267,Saskylakh,RU,71.9167,114.0833,-12.86,100,99,1.79,overcast clouds
268,Altay,CN,47.8667,88.1167,31.84,65,90,6.62,overcast clouds
269,Huarmey,PE,-10.0681,-78.1522,72.91,77,49,6.64,scattered clouds
270,Chulman,RU,56.8479,124.9104,16.7,97,100,2.82,light snow
271,San Patricio,US,28.017,-97.5169,77.0,94,90,13.8,overcast clouds
272,Chicama,PE,-7.8447,-79.1469,71.6,83,99,8.05,fog
273,Kencong,ID,-8.2833,113.3667,77.61,89,100,2.89,overcast clouds
274,Biak,ID,-0.9131,122.8766,77.05,86,100,4.54,overcast clouds
275,Luderitz,NA,-26.6481,15.1594,71.76,59,0,22.64,clear sky
276,Ballina,AU,-28.8667,153.5667,68.0,94,0,4.61,clear sky
277,Cantaura,VE,9.3057,-64.3584,84.9,45,85,10.78,overcast clouds
278,Gisborne,NZ,-38.6533,178.0042,54.0,87,47,1.99,scattered clouds
279,Havre-Saint-Pierre,CA,50.2334,-63.5986,21.2,49,1,20.71,clear sky
280,Alizai,PK,33.5383,70.3462,70.74,51,58,1.05,broken clouds
281,Dwarka,IN,22.2394,68.9678,80.51,68,31,14.79,scattered clouds
282,Saint-Pierre,RE,-21.3393,55.4781,78.8,89,90,3.44,light rain
283,Ruston,US,32.5232,-92.6379,71.6,88,90,12.66,overcast clouds
284,Namibe,AO,-15.1961,12.1522,82.4,69,40,16.11,scattered clouds
285,Podporozhye,RU,60.9112,34.1706,35.82,99,100,2.66,overcast clouds
286,Lalibela,ET,12.0333,39.0333,74.61,16,91,8.05,overcast clouds
287,Fortuna,US,40.5982,-124.1573,39.2,100,1,10.36,clear sky
288,Berlevag,NO,70.8578,29.0864,38.03,88,99,23.06,overcast clouds
289,Elyria,US,41.3684,-82.1077,52.0,71,20,5.1,few clouds
290,Pangnirtung,CA,66.1451,-65.7125,-8.19,72,32,3.38,scattered clouds
291,Gigmoto,PH,13.7796,124.39,78.84,86,65,7.29,broken clouds
292,Kavieng,PG,-2.5744,150.7967,80.78,82,90,12.86,moderate rain
293,Port Hardy,CA,50.6996,-127.4199,44.6,93,90,5.75,overcast clouds
294,Talcahuano,CL,-36.7167,-73.1167,64.4,52,0,11.5,clear sky
295,Alvorada,BR,-12.48,-49.1247,89.89,44,24,0.92,few clouds
296,Byron Bay,AU,-28.65,153.6167,68.0,94,0,4.61,clear sky
297,Rio Verde De Mato Grosso,BR,-18.9181,-54.8442,90.9,35,5,7.49,clear sky
298,Hualmay,PE,-11.0964,-77.6139,72.54,76,68,5.59,broken clouds
299,Corner Brook,CA,48.9667,-57.9484,28.4,74,90,28.77,snow
300,Brae,GB,60.3964,-1.353,44.6,61,87,14.97,overcast clouds
301,Caravelas,BR,-17.7125,-39.2481,87.93,49,0,8.77,clear sky
302,Thasra,IN,22.8,73.2167,93.2,29,0,6.91,clear sky
303,Sibolga,ID,1.7427,98.7792,76.57,93,100,4.76,overcast clouds
304,Te Anau,NZ,-45.4167,167.7167,57.85,92,100,2.08,overcast clouds
305,Manta,EC,-0.95,-80.7333,78.8,78,75,4.61,broken clouds
306,Spas,UA,48.8899,24.0629,62.6,34,0,6.71,clear sky
307,Monterey,US,36.2505,-121.2516,48.99,54,0,5.01,clear sky
308,Houma,US,29.5958,-90.7195,78.01,88,75,14.97,mist
309,Port Pirie,AU,-33.1833,138.0167,57.2,82,0,5.75,clear sky
310,Portland,US,45.5234,-122.6762,42.01,81,40,1.36,scattered clouds
311,Vanimo,PG,-2.6741,141.3028,79.75,85,98,3.31,overcast clouds
312,Tigil,RU,57.8,158.6667,-2.15,96,100,5.75,overcast clouds
313,Makakilo City,US,21.3469,-158.0858,73.4,78,1,5.75,clear sky
314,Bonavista,CA,48.6499,-53.1147,30.0,100,100,8.05,snow
315,Keetmanshoop,NA,-26.5833,18.1333,78.8,22,0,1.14,clear sky
316,Road Town,VG,18.4167,-64.6167,84.2,58,40,14.97,scattered clouds
317,Tandil,AR,-37.3217,-59.1332,61.0,89,100,3.0,light rain
318,Iqaluit,CA,63.7506,-68.5145,-18.4,76,40,3.44,scattered clouds
319,Caraballeda,VE,10.6112,-66.8522,71.01,100,20,2.3,few clouds
320,Registro,BR,-24.4875,-47.8436,93.7,43,43,1.74,scattered clouds
321,Sturlic,BA,45.0639,15.7781,55.99,69,64,4.0,broken clouds
322,Mayumba,GA,-3.432,10.6554,83.17,73,100,8.48,overcast clouds
323,Rio Gallegos,AR,-51.6226,-69.2181,60.8,55,75,13.8,broken clouds
324,Trelew,AR,-43.249,-65.3051,75.83,11,7,19.39,clear sky
325,Hurzuf,UA,44.55,34.2833,48.4,66,21,4.83,few clouds
326,Half Moon Bay,US,37.4636,-122.4286,51.8,71,1,5.75,clear sky
327,Guerrero Negro,MX,27.9769,-114.0611,57.49,70,0,5.97,clear sky
328,Tuatapere,NZ,-46.1333,167.6833,57.99,87,95,1.99,overcast clouds
329,Plettenberg Bay,ZA,-34.0527,23.3716,63.73,72,72,9.04,light rain
330,Anadyr,RU,64.75,177.4833,-7.6,77,0,6.71,clear sky
331,La Peca,PE,-5.6111,-78.435,68.92,94,99,3.33,moderate rain
332,Tahoua,NE,14.8888,5.2692,93.2,3,59,11.5,dust
333,Frontera,MX,26.9333,-101.45,82.99,42,40,3.22,scattered clouds
334,Sitka,US,57.0531,-135.33,33.8,93,90,3.44,moderate rain
335,Ponta Do Sol,PT,32.6667,-17.1,62.01,61,100,1.01,overcast clouds
336,Vardo,NO,70.3705,31.1107,39.2,75,75,18.41,broken clouds
337,Semirom,IR,31.4167,51.5667,53.2,47,100,22.86,overcast clouds
338,Kalemie,CD,-5.9475,29.1947,76.75,73,60,3.44,light rain
339,Kutum,SD,14.2,24.6667,81.28,11,99,14.94,overcast clouds
340,Nautla,MX,20.2167,-96.7833,77.63,66,3,2.91,clear sky
341,Meadow Lake,US,34.8014,-106.5436,41.0,65,20,9.22,few clouds
342,Klaksvik,FO,62.2266,-6.589,39.2,65,75,21.85,broken clouds
343,Yubari,JP,43.0378,141.9578,37.99,69,40,9.22,scattered clouds
344,Gimli,CA,50.6336,-96.9907,23.0,86,77,4.56,broken clouds
345,Jiwani,PK,25.05,61.7417,79.05,75,100,14.81,overcast clouds
346,Nandi,IN,13.3855,77.6984,82.4,36,40,9.22,scattered clouds
347,Korla,CN,41.7597,86.1469,57.13,46,100,11.99,overcast clouds
348,Hun,LY,29.1268,15.9477,69.82,16,0,5.44,clear sky
349,Natalio,PY,-26.7167,-55.0833,87.98,46,99,4.16,light rain
350,Mirandopolis,BR,-21.1336,-51.1017,92.64,31,16,6.67,few clouds
351,Yangambi,CD,0.8102,24.4336,91.18,37,85,2.82,overcast clouds
352,San Cristobal,VE,7.7669,-72.225,75.2,100,75,4.61,fog
353,Beloha,MG,-25.1667,45.05,76.51,73,43,10.38,light rain
354,Lebanon,US,36.2081,-86.2911,57.99,100,90,5.75,moderate rain
355,Zyryanka,RU,65.75,150.85,-13.14,95,100,4.5,overcast clouds
356,Acarau,BR,-2.8856,-40.12,80.22,78,81,4.09,broken clouds
357,Vung Tau,VN,10.346,107.0843,80.15,83,100,19.82,overcast clouds
358,Tezu,IN,27.9167,96.1667,73.9,20,23,5.37,few clouds
359,Mongo,TD,12.1844,18.693,98.56,14,8,8.21,clear sky
360,Erzin,TR,36.9559,36.2,59.0,39,4,4.09,clear sky
361,Sao Filipe,CV,14.8961,-24.4956,71.04,73,3,12.3,clear sky
362,Methoni,GR,36.8197,21.7049,61.0,48,40,5.75,scattered clouds
363,Assiniboia,CA,49.6334,-105.9845,24.8,93,72,3.44,broken clouds
364,Dudinka,RU,69.4058,86.1778,14.05,92,100,7.56,overcast clouds
365,Luang Prabang,LA,19.8856,102.1347,82.22,35,43,1.66,scattered clouds
366,Charyshskoye,RU,51.3978,83.5598,34.12,93,91,4.25,overcast clouds
367,Suwannaphum,TH,15.6035,103.8021,90.0,62,87,3.44,overcast clouds
368,Kudahuvadhoo,MV,2.6708,72.8944,80.02,79,100,5.06,overcast clouds
369,Verkhneyarkeyevo,RU,55.4505,54.3145,34.16,89,100,14.34,overcast clouds
370,Marawi,PH,7.9986,124.2928,77.0,90,100,5.01,overcast clouds
371,Teguise,ES,29.0605,-13.564,71.6,73,40,11.5,scattered clouds
372,Utena,LT,55.5,25.6,53.06,53,82,10.96,broken clouds
373,La Ronge,CA,55.1001,-105.2842,8.6,85,83,3.44,broken clouds
374,Bantry,IE,51.6833,-9.45,51.8,66,75,23.02,moderate rain
375,Kibaya,TZ,-5.3,36.5667,59.04,95,100,4.07,overcast clouds
376,Antalaha,MG,-14.9003,50.2788,79.86,85,99,7.81,light rain
377,Dicabisagan,PH,17.0818,122.4157,76.77,87,78,3.31,broken clouds
378,Gweru,ZW,-19.45,29.8167,77.34,32,2,8.43,clear sky
379,Newark,US,40.7357,-74.1724,61.0,44,20,9.22,few clouds
380,Plainview,US,40.7765,-73.4673,59.0,47,1,8.05,clear sky
381,La Tuque,CA,47.4334,-72.7824,32.0,86,63,2.3,broken clouds
382,Manali,IN,13.1667,80.2667,84.2,70,40,5.75,scattered clouds
383,Mar Del Plata,AR,-38.0023,-57.5575,64.99,77,75,25.32,broken clouds
384,Dunedin,NZ,-45.8742,170.5036,62.01,70,93,1.01,light rain
385,Hobyo,SO,5.3505,48.5268,81.79,73,22,15.52,few clouds
386,Laguna,US,38.421,-121.4238,50.0,76,1,3.18,clear sky
387,Joao Pinheiro,BR,-17.7425,-46.1725,83.52,39,9,4.72,clear sky
388,Morro Bay,US,35.3658,-120.8499,51.01,81,1,4.52,clear sky
389,Am Timan,TD,11.0297,20.2827,99.84,21,3,6.24,clear sky
390,Bratsk,RU,56.1325,101.6142,24.8,68,21,4.47,few clouds
391,San Quintin,MX,30.4833,-115.95,57.78,59,0,3.11,clear sky
392,Bengkulu,ID,-3.8004,102.2655,77.81,88,100,5.06,heavy intensity rain
393,Ust-Koksa,RU,50.2696,85.6108,25.88,94,96,0.13,overcast clouds
394,Erdaojiang,CN,41.7764,126.0319,43.39,84,87,0.74,overcast clouds
395,Hirara,JP,24.8,125.2833,74.17,84,34,14.23,scattered clouds
396,Tura,IN,25.5198,90.2201,73.44,12,0,3.67,clear sky
397,Tjome,NO,59.1109,10.3933,48.99,76,40,5.75,scattered clouds
398,Nhulunbuy,AU,-12.2333,136.7667,80.6,94,75,6.91,broken clouds
399,Lichinga,MZ,-13.3128,35.2406,75.2,64,75,8.05,light rain
400,Turayf,SA,31.6725,38.6637,60.8,27,0,9.22,clear sky
401,Yilan,TW,24.757,121.753,75.0,99,0,1.05,clear sky
402,Desbiens,CA,48.4178,-71.9495,32.0,64,90,2.3,overcast clouds
403,Pitsunda,GE,43.1592,40.3378,48.2,66,75,11.18,broken clouds
404,Newport,GB,51.5877,-2.9984,52.0,65,88,3.0,overcast clouds
405,Araouane,ML,18.9048,-3.5265,95.77,4,0,13.67,clear sky
406,Uyuni,BO,-20.4597,-66.825,58.59,37,10,10.56,clear sky
407,Skagen,DK,57.7209,10.5839,43.0,91,94,15.01,overcast clouds
408,Nekrasovskiy,RU,56.0667,37.5,46.4,42,0,8.95,clear sky
409,Erenhot,CN,43.6475,111.9767,36.93,39,1,30.74,clear sky
410,Karksi-Nuia,EE,58.1033,25.5628,54.0,62,0,6.91,clear sky
411,Daru,PG,-9.0763,143.2092,80.69,84,82,7.67,broken clouds
412,Soc Trang,VN,9.6033,105.98,80.6,89,20,5.75,few clouds
413,Bud,US,39.447,-86.1758,55.99,76,1,10.36,clear sky
414,Namatanai,PG,-3.6667,152.4333,79.3,79,100,9.73,light rain
415,Salina,US,38.8403,-97.6114,48.99,100,90,14.97,mist
416,Mullingar,IE,53.5333,-7.35,50.0,76,100,8.99,overcast clouds
417,Henties Bay,NA,-22.116,14.2845,66.0,87,4,10.0,clear sky
418,San Borja,BO,-14.8167,-66.85,80.6,87,97,3.56,moderate rain
419,Udachnyy,RU,66.4167,112.4,-5.62,99,46,3.62,scattered clouds
420,Hokitika,NZ,-42.7167,170.9667,61.52,97,100,11.45,overcast clouds
421,Sokolo,ML,14.7328,-6.1219,102.02,5,37,9.08,scattered clouds
422,Opuwo,NA,-18.0607,13.84,83.34,42,97,4.92,overcast clouds
423,Trofors,NO,65.5333,13.4063,42.8,70,40,9.22,scattered clouds
424,Ercis,TR,39.0287,43.3586,32.0,74,75,19.57,light snow
425,Saint-Joseph,RE,-21.3667,55.6167,78.8,89,90,3.44,light rain
426,Uhlove,UA,44.8215,33.6045,46.56,71,35,8.48,scattered clouds
427,Fare,PF,-16.7,-151.0167,82.76,72,68,23.47,light rain
428,Russell,US,32.3502,-85.1999,77.0,73,20,6.91,few clouds
429,Bayan,CN,46.0833,127.4,43.84,80,15,6.46,few clouds
430,San Rafael,AR,-34.6177,-68.3301,66.81,24,0,5.75,clear sky
431,Monte Alegre,BR,-2.0078,-54.0692,84.52,61,97,5.84,overcast clouds
432,Tateyama,JP,34.9833,139.8667,61.0,70,100,4.0,overcast clouds
433,Sherghati,IN,24.5667,84.7833,75.2,46,0,3.83,haze
434,Lask,PL,51.5906,19.1328,50.0,88,100,1.99,light rain
435,Warri,NG,5.5167,5.75,89.08,53,80,7.07,light rain
436,Lompoc,US,34.6391,-120.4579,48.99,93,1,4.61,clear sky
437,Ozinki,RU,51.1786,49.6769,33.06,99,100,7.74,overcast clouds
438,Upernavik,GL,72.7868,-56.1549,-24.25,68,0,2.39,clear sky
439,Kampong Thum,KH,12.7111,104.8887,85.91,44,100,6.93,overcast clouds
440,Fairbanks,US,64.8378,-147.7164,15.8,85,90,2.8,overcast clouds
441,Souillac,MU,-20.5167,57.5167,77.0,94,40,6.91,light rain
442,Touros,BR,-5.1989,-35.4608,84.2,74,40,12.66,scattered clouds
443,Bobon,PH,12.5246,124.5636,76.82,90,12,5.91,few clouds
444,Ayan,RU,56.45,138.1667,10.15,96,100,5.23,overcast clouds
445,Boa Vista,BR,2.8197,-60.6733,87.8,55,75,17.27,broken clouds
446,Bonnyville,CA,54.2668,-110.735,19.4,86,20,2.73,few clouds
447,Eureka,US,40.8021,-124.1637,39.2,100,1,3.44,clear sky
448,Witu,KE,-2.3889,40.4382,86.0,66,1,9.22,light rain
449,Bambanglipuro,ID,-7.95,110.2833,78.39,87,99,3.49,moderate rain
450,Ryotsu,JP,38.0833,138.4333,50.72,61,100,3.8,overcast clouds
451,Ucluelet,CA,48.9329,-125.5528,45.0,93,90,4.61,light intensity drizzle
452,Cabedelo,BR,-6.9811,-34.8339,84.2,74,75,5.75,broken clouds
453,Saint Anthony,US,45.0205,-93.218,46.0,76,90,4.61,overcast clouds
454,Bambous Virieux,MU,-20.3428,57.7575,82.0,94,40,6.91,light rain
455,Hwange,ZW,-18.3693,26.5019,86.22,37,69,4.92,broken clouds
456,Sorong,ID,-0.8833,131.25,77.29,91,100,5.39,overcast clouds
457,Richards Bay,ZA,-28.783,32.0377,73.08,84,13,13.82,light rain
458,Esperance,AU,-33.8667,121.9,62.6,72,100,11.5,overcast clouds
459,Sao Felix Do Xingu,BR,-6.6447,-51.995,85.71,58,100,3.38,overcast clouds
460,Mayo,US,38.8876,-76.5119,64.99,55,1,9.22,clear sky
461,Gladstone,AU,-23.85,151.25,73.4,78,14,3.44,light rain
462,Muisne,EC,0.6,-80.0333,80.6,89,90,8.05,overcast clouds
463,Melun,FR,48.5,2.75,53.6,54,90,16.11,overcast clouds
464,Mato Verde,BR,-15.3972,-42.8664,93.0,18,39,5.57,scattered clouds
465,Kysyl-Syr,RU,63.8986,122.7617,14.59,95,100,4.43,overcast clouds
466,Sibiti,CG,-3.6819,13.3499,83.64,60,100,4.76,light rain
467,Sur,OM,22.5667,59.5289,82.18,51,95,1.68,overcast clouds
468,Bosaso,SO,11.2842,49.1816,80.6,83,20,18.41,few clouds
469,Takehara,JP,34.3383,132.9167,60.8,67,90,4.61,overcast clouds
470,Walvis Bay,NA,-22.9575,14.5053,73.4,56,0,13.8,clear sky
471,Ajaccio,FR,42.0,8.9167,62.6,67,0,10.36,clear sky
472,Krasne,UA,49.9145,24.6134,60.8,33,0,8.95,clear sky
473,Barahona,DO,18.2085,-71.1008,82.4,65,20,13.8,few clouds
474,Rawson,AR,-43.3002,-65.1023,72.84,19,7,22.28,clear sky
475,Kaka,TM,37.3482,59.6143,63.9,63,16,5.75,few clouds
476,Kalush,UA,49.0119,24.3731,62.6,34,0,6.71,clear sky
477,Nuuk,GL,64.1835,-51.7216,-2.2,71,20,29.93,snow
478,Kataysk,RU,56.289,62.5841,32.38,87,100,11.05,overcast clouds
479,Guadalajara,MX,20.6667,-103.3333,68.0,23,1,0.89,clear sky
480,Vestmannaeyjar,IS,63.4427,-20.2734,28.4,93,20,46.04,snow
481,Languyan,PH,5.2618,120.0807,79.29,83,99,2.82,overcast clouds
482,Koulamoutou,GA,-1.1303,12.4736,80.6,78,40,4.41,scattered clouds
483,La Baule-Escoublac,FR,47.2922,-2.364,55.4,62,20,17.27,few clouds
484,Madridejos,ES,39.4682,-3.532,69.01,32,0,6.91,clear sky
485,Komsomolskiy,UZ,40.4272,71.7189,59.0,72,90,6.91,light rain
486,San Ramon,US,37.7799,-121.978,50.0,70,1,2.59,clear sky
487,Hamilton,US,39.1834,-84.5333,57.0,76,75,9.22,broken clouds
488,Kattivakkam,IN,13.2167,80.3167,84.2,70,40,5.75,scattered clouds
489,San Andres,CO,12.5847,-81.7006,84.2,65,20,13.8,few clouds
490,Petropavlovsk-Kamchatskiy,RU,53.0452,158.6483,28.4,59,75,31.32,broken clouds
491,Saint Augustine,US,29.8947,-81.3145,82.0,88,40,8.05,haze
492,Kirishi,RU,59.4471,32.0205,37.89,93,98,3.4,overcast clouds
493,Sao Jose Da Coroa Grande,BR,-8.8978,-35.1478,83.37,67,72,8.72,broken clouds
494,Kota Bahru,MY,6.1333,102.2386,82.4,83,20,3.44,few clouds
495,Port Hawkesbury,CA,45.6169,-61.3485,35.01,93,90,11.5,snow
496,Sokoni,TZ,-6.4333,39.55,86.0,66,40,13.8,scattered clouds
497,Bafoulabe,ML,13.8065,-10.8321,107.17,3,3,8.57,clear sky
498,Scottsbluff,US,41.8666,-103.6672,39.0,100,90,14.97,overcast clouds
499,Meulaboh,ID,4.1363,96.1285,76.12,94,100,5.88,moderate rain
500,Qaqortoq,GL,60.7167,-46.0333,8.6,43,20,1.14,few clouds
501,Yagodnoye,RU,62.55,149.6667,-18.0,91,20,5.08,few clouds
502,Maridi,SS,4.9158,29.4742,84.74,41,100,3.18,overcast clouds
503,San Carlos Del Zulia,VE,9.0,-71.9135,76.62,81,100,5.14,overcast clouds
504,Bardiyah,LY,31.7561,25.0865,58.1,48,8,14.47,clear sky
505,Lahaina,US,20.8783,-156.6825,69.8,88,1,11.5,clear sky
506,Pampierstad,ZA,-27.7832,24.6877,79.61,27,83,4.59,broken clouds
507,Yeppoon,AU,-23.1333,150.7333,73.4,83,1,3.47,clear sky
508,Asau,RO,46.4333,26.4,57.0,25,8,3.76,clear sky
509,Carutapera,BR,-1.195,-46.02,74.32,95,100,4.0,overcast clouds
510,Labuhan,ID,-6.8844,112.2051,80.6,81,85,4.41,overcast clouds
511,Mahanoro,MG,-19.9,48.8,79.63,83,4,4.12,light rain
512,Puerto Del Rosario,ES,28.5004,-13.8627,75.2,53,40,16.11,scattered clouds
513,Guanare,VE,9.0418,-69.7421,82.62,52,100,0.72,overcast clouds
514,Gourdon,FR,44.75,1.5,59.0,39,9,5.01,clear sky
515,Buraydah,SA,26.326,43.975,75.2,33,0,13.8,clear sky
516,Paita,PE,-5.0892,-81.1144,82.4,54,0,17.27,clear sky
517,Waddan,LY,29.1614,16.139,69.98,15,0,6.2,clear sky
518,Nabire,ID,-3.3667,135.4833,75.74,96,100,3.38,overcast clouds
519,Grindavik,IS,63.8424,-22.4338,28.4,54,90,35.68,light snow
520,Camacha,PT,33.0833,-16.3333,66.2,82,40,19.57,scattered clouds
521,Evensk,RU,61.95,159.2333,-8.16,87,14,9.48,few clouds
522,Maragogi,BR,-9.0122,-35.2225,83.28,68,71,9.57,broken clouds
523,Nakhon Phanom,TH,17.3333,104.4167,87.73,39,78,7.43,broken clouds
524,Santa Rosa,PH,14.3122,121.1114,82.4,74,20,6.91,few clouds
525,Lambarene,GA,-0.7001,10.2406,82.4,78,90,3.4,overcast clouds
526,Bandar-E Lengeh,IR,26.5579,54.8807,87.8,33,87,16.11,overcast clouds
527,Pemberton,CA,50.3164,-122.8027,46.0,93,90,4.16,overcast clouds
528,Madison,US,34.7334,-86.5667,72.0,83,90,9.42,overcast clouds
529,Norman Wells,CA,65.282,-126.8329,5.0,85,75,6.91,broken clouds
530,Mosquera,CO,4.7059,-74.2302,57.2,82,75,6.91,broken clouds
531,Rozkishne,UA,48.5074,39.3004,41.23,89,100,8.03,overcast clouds
532,Atasu,KZ,48.6814,71.6433,33.33,97,100,7.09,snow
533,Obzor,BG,42.8167,27.8833,55.4,33,0,12.66,clear sky
534,Grand Gaube,MU,-20.0064,57.6608,82.0,77,28,4.56,scattered clouds
535,Chiche,GT,15.0086,-91.065,68.0,55,0,4.65,clear sky
536,Bereda,ES,43.2686,-7.5406,64.0,46,0,10.0,clear sky
537,Westlock,CA,54.1502,-113.8688,32.0,93,83,4.61,broken clouds
538,Poso,ID,-1.3959,120.7524,82.0,79,100,2.35,heavy intensity rain
539,Port Keats,AU,-14.25,129.55,81.45,66,94,7.18,overcast clouds
540,Kahului,US,20.8947,-156.47,69.8,88,1,11.5,clear sky
541,Maxixe,MZ,-23.8597,35.3472,80.6,78,75,4.61,light rain
542,Duku,NG,11.2361,4.9073,101.14,8,20,8.79,few clouds
543,Capinzal,BR,-27.3436,-51.6119,82.17,58,100,4.7,light rain
544,Mbala,ZM,-8.8402,31.3659,67.73,80,53,2.84,light rain
545,Mitrofanovka,RU,49.9708,39.6939,36.61,97,100,6.2,light rain
546,Novopokrovka,UA,49.8425,36.5477,48.2,53,20,2.24,few clouds
547,Mogadishu,SO,2.0371,45.3438,84.2,65,20,16.11,few clouds
548,Navalmoral De La Mata,ES,39.8916,-5.5406,63.0,40,100,3.0,light rain
549,Aklavik,CA,68.2191,-135.0107,-14.8,84,100,5.66,overcast clouds
550,Nhamunda,BR,-2.1861,-56.7131,85.26,65,93,5.28,overcast clouds
551,Aykhal,RU,66.0,111.5,-2.63,100,29,5.99,scattered clouds
552,Westport,US,41.1415,-73.3579,59.0,50,1,11.5,clear sky
553,Negara,ID,-8.3151,114.6025,78.48,84,100,2.13,overcast clouds
554,Ugoofaaru,MV,5.6667,73.0,82.72,72,100,10.2,heavy intensity rain
555,Vostok,RU,46.4856,135.8833,33.19,98,100,4.52,overcast clouds
556,Nishihara,JP,26.1842,127.7558,73.4,83,75,13.8,broken clouds
557,Saldanha,ZA,-33.0117,17.9442,71.6,46,0,20.71,clear sky
558,Tahta,EG,26.7693,31.5021,73.4,20,0,21.85,clear sky
559,Pavilosta,LV,56.8879,21.1859,60.8,44,20,13.8,few clouds
560,Yarega,RU,63.4354,53.5765,23.27,90,59,4.25,broken clouds
561,Pangkalanbuun,ID,-2.6833,111.6167,75.13,96,98,1.28,overcast clouds
562,Praia,CV,14.9215,-23.5087,77.0,53,40,28.77,scattered clouds
563,Ilulissat,GL,69.2167,-51.1,-9.4,49,1,2.3,clear sky
564,Lubao,PH,14.9167,120.55,82.4,74,75,2.3,broken clouds
565,Port Blair,IN,11.6667,92.75,82.72,76,97,4.56,light rain
566,Severnyy,RU,50.677,36.5532,41.0,87,75,17.9,broken clouds
567,Bonthe,SL,7.5264,-12.505,85.6,66,68,12.37,broken clouds
568,Gizo,SB,-8.103,156.8419,82.24,75,33,7.4,scattered clouds
569,Konstantinovka,RU,49.6167,127.9833,36.45,92,100,3.62,overcast clouds
570,Batagay-Alyta,RU,67.8006,130.4114,-2.4,96,100,3.96,overcast clouds
571,Gavle,SE,60.6745,17.1417,55.99,51,100,8.99,overcast clouds
572,Barstow,US,34.8986,-117.0228,48.2,29,1,9.22,clear sky
573,Tricase,IT,39.9304,18.3553,64.4,82,40,6.91,scattered clouds
574,Vila Franca Do Campo,PT,37.7167,-25.4333,59.0,67,20,8.05,few clouds
575,Healdsburg,US,38.6105,-122.8692,46.99,93,1,2.28,clear sky
576,Kapuskasing,CA,49.4169,-82.4331,19.4,79,96,4.61,overcast clouds
577,Montepuez,MZ,-13.1256,38.9997,74.61,90,60,0.63,moderate rain
578,Portales,US,34.1862,-103.3344,51.8,40,1,17.27,clear sky
579,Najran,SA,17.4924,44.1277,91.4,9,0,6.91,clear sky
580,Severobaykalsk,RU,55.65,109.3167,14.23,84,64,8.46,broken clouds
581,Quang Ngai,VN,15.1167,108.8,73.18,94,100,4.41,overcast clouds
582,Gostyn,PL,51.8825,17.0123,55.0,67,80,14.7,broken clouds
583,Beipiao,CN,41.7919,120.7792,43.9,76,0,9.1,clear sky
584,Alcaniz,ES,41.05,-0.1333,55.99,76,25,5.01,scattered clouds
585,Ngunguru,NZ,-35.6167,174.5,66.99,84,100,10.0,light rain
586,Paramonga,PE,-10.6667,-77.8333,72.72,76,61,6.71,broken clouds
587,Hede,CN,33.7681,120.2517,52.74,91,61,5.99,broken clouds
588,Maceio,BR,-9.6658,-35.7353,78.8,94,75,12.66,mist
589,Nemuro,JP,43.3236,145.575,34.32,74,94,15.19,overcast clouds
590,Tocopilla,CL,-22.092,-70.1979,71.82,69,7,6.93,clear sky
591,Iki-Burul,RU,45.8208,44.6472,46.4,61,20,20.13,few clouds
592,Chabahar,IR,25.2919,60.643,78.75,74,59,11.16,broken clouds
593,San Policarpo,PH,12.1791,125.5072,80.44,82,80,10.42,broken clouds
594,Varel,DE,53.3969,8.1362,48.99,57,66,25.32,broken clouds
595,Hutchinson,US,38.0608,-97.9298,53.6,66,1,17.27,clear sky
596,Hovd,MN,48.0056,91.6419,31.14,28,100,2.3,overcast clouds
597,Baykit,RU,61.67,96.37,27.09,97,100,4.03,light snow
598,Krasnogvardeyskoye,RU,45.8456,41.5186,45.99,71,75,9.95,broken clouds
599,Palanga,LT,55.9175,21.0686,59.0,41,0,16.11,clear sky
600,West Helena,US,34.5507,-90.6418,73.4,94,100,10.36,overcast clouds
601,Bemidji,US,47.4736,-94.8803,35.01,100,90,6.91,light rain
602,Ibra,OM,22.6906,58.5334,84.85,27,87,12.12,overcast clouds
603,Abomsa,ET,9.9833,39.9833,81.5,15,2,13.65,clear sky
604,Xiuyan,CN,40.2928,123.2744,44.35,86,100,2.59,overcast clouds
605,Rio Grande,BR,-32.035,-52.0986,77.0,78,75,9.22,broken clouds
606,Chapais,CA,49.7834,-74.8492,26.6,59,1,4.61,clear sky
607,Ransang,PH,8.9603,117.5828,79.38,83,9,2.48,clear sky
608,Carballo,ES,43.213,-8.691,60.01,72,0,8.01,clear sky
609,Viransehir,TR,37.2353,39.7631,46.45,48,53,11.32,broken clouds
610,Clacton-On-Sea,GB,51.7897,1.156,51.01,50,98,8.01,overcast clouds
611,Colares,PT,38.7992,-9.4469,71.01,40,0,6.91,clear sky
612,Punta,PH,8.9897,125.34,75.6,89,75,5.17,broken clouds
613,Sayville,US,40.7359,-73.0821,57.99,44,1,6.91,clear sky
614,Bagdarin,RU,54.4333,113.6,17.08,89,98,4.9,overcast clouds
615,Maputo,MZ,-25.9653,32.5892,84.2,58,20,5.75,few clouds
616,Boulder,US,40.0833,-105.3505,39.99,56,1,5.75,clear sky
617,Lazaro Cardenas,MX,17.9583,-102.2,76.95,54,2,2.95,clear sky
618,Boralday,KZ,43.3578,76.8594,59.0,55,90,4.47,overcast clouds
619,Kushiro,JP,42.975,144.3747,34.0,81,97,8.95,overcast clouds
620,Oranjemund,NA,-28.55,16.4333,67.1,76,0,21.77,clear sky
621,Rovenki,UA,48.0833,39.3776,38.26,92,100,7.85,overcast clouds
622,Smithers,CA,54.7804,-127.1743,33.8,86,75,2.3,broken clouds
623,Kizilskoye,RU,52.7255,58.8937,20.39,93,82,5.79,broken clouds
624,Olafsvik,IS,64.8945,-23.7142,27.64,52,100,26.96,overcast clouds
625,Presidencia Roque Saenz Pena,AR,-26.7852,-60.4388,64.99,98,100,1.99,light rain
626,Bundaberg,AU,-24.85,152.35,72.0,94,9,1.61,clear sky
627,Valparaiso,CL,-33.0393,-71.6273,69.8,46,0,4.61,clear sky
628,Arauco,CL,-37.2463,-73.3175,64.4,52,0,11.5,clear sky
629,Singkawang,ID,0.9,109.0,76.77,92,100,1.61,overcast clouds
630,Alyangula,AU,-13.8483,136.4192,82.65,78,94,9.75,overcast clouds
631,Marsh Harbour,BS,26.5412,-77.0636,76.86,75,11,16.58,few clouds
632,Lerwick,GB,60.1545,-1.1494,44.6,61,98,14.97,overcast clouds
633,San Jeronimo,PE,-11.9472,-75.2829,57.02,61,63,0.83,broken clouds
634,Buin,CL,-33.7333,-70.75,77.0,21,0,3.44,clear sky
635,Tambopata,PE,-12.7333,-69.1833,82.4,83,75,2.3,broken clouds
636,Inongo,CD,-1.95,18.2667,79.77,70,99,4.23,overcast clouds
637,Minnedosa,CA,50.2453,-99.8436,26.6,74,90,6.91,light snow
638,Mookane,BW,-23.688,26.6595,86.13,20,1,7.7,clear sky
639,Rodrigues Alves,BR,-7.738,-72.6509,82.4,89,75,3.44,broken clouds
640,Bandarbeyla,SO,9.4942,50.8122,80.2,75,24,13.38,few clouds
641,Vaitape,PF,-16.5167,-151.75,82.47,72,26,22.19,light rain
642,Arys,KZ,42.4252,68.795,55.4,94,75,4.47,broken clouds
643,Guymon,US,36.6828,-101.4816,48.2,61,1,14.97,clear sky
644,Luis Correia,BR,-2.8792,-41.6669,86.0,70,40,8.05,scattered clouds
645,Ayagoz,KZ,47.9714,80.4392,36.43,99,100,2.44,overcast clouds
646,Asfi,MA,32.2994,-9.2372,69.89,52,64,10.0,broken clouds
647,Santa Cruz,BO,-17.8,-63.1667,87.8,69,90,8.05,overcast clouds
648,Victor Harbor,AU,-35.5667,138.6167,57.99,93,2,5.82,clear sky
649,Castrillon,ES,43.3979,-6.7922,64.0,71,20,11.5,few clouds
650,Hambantota,LK,6.1241,81.1185,77.0,100,40,6.26,scattered clouds
651,Chaumont,FR,48.1167,5.1333,51.01,51,100,5.99,overcast clouds
652,Rancho Palos Verdes,US,33.7445,-118.387,54.0,85,0,3.0,clear sky
653,Jiangyou,CN,31.7667,104.7167,61.59,68,32,1.48,scattered clouds
654,Nokaneng,BW,-19.6667,22.2667,79.81,53,98,6.44,overcast clouds
655,Makat,KZ,47.6469,53.3463,35.37,98,100,9.86,overcast clouds
656,Puerto Escondido,MX,15.85,-97.0667,78.8,100,1,4.61,clear sky
657,Harlingen,US,26.1906,-97.6961,78.8,78,90,17.27,overcast clouds
658,Yeniseysk,RU,58.4497,92.1703,29.21,96,100,6.24,light snow
659,Mollendo,PE,-17.0231,-72.0147,71.96,76,100,6.38,overcast clouds
660,Alanya,TR,36.5438,31.9998,59.0,38,0,4.61,clear sky
661,Alto Araguaia,BR,-17.3147,-53.2153,83.55,41,34,7.4,scattered clouds
662,Nisia Floresta,BR,-6.0911,-35.2086,84.2,74,40,12.66,scattered clouds
663,Tamasane,BW,-22.4184,27.4013,91.4,29,20,4.61,few clouds
664,Babag,PH,7.7311,126.0708,73.65,94,97,3.47,overcast clouds
665,Uglegorsk,RU,49.0833,142.0333,30.29,90,100,7.02,overcast clouds
666,San Felipe,VE,10.3399,-68.7425,78.01,68,100,8.23,overcast clouds
667,Kuala Terengganu,MY,5.3302,103.1408,82.4,83,20,3.44,few clouds
668,Mao,ES,39.8885,4.2658,60.8,63,0,23.02,clear sky
669,Ambulu,ID,-8.345,113.6058,77.65,89,100,3.53,overcast clouds
670,Temirtau,KZ,50.0544,72.9483,33.8,86,75,11.18,broken clouds
671,Port Augusta,AU,-32.5,137.7667,57.2,82,6,5.75,clear sky
672,Honningsvag,NO,70.9821,25.9704,38.48,80,98,11.61,overcast clouds
673,Chumikan,RU,54.7183,135.315,15.42,96,100,3.98,overcast clouds
674,Brigantine,US,39.4101,-74.3646,64.4,45,1,6.91,clear sky
675,Raudeberg,NO,61.9875,5.1352,44.01,81,45,21.79,scattered clouds
676,Dali,CN,25.7,100.1833,54.64,31,0,5.93,clear sky
677,Sorland,NO,67.667,12.6934,39.2,93,75,13.8,broken clouds
678,Jalingo,NG,8.8833,11.3667,101.12,9,72,9.37,broken clouds
679,Pilar,BR,-9.5972,-35.9567,78.8,94,75,12.66,mist
680,Shenjiamen,CN,29.9576,122.298,56.66,98,100,8.03,moderate rain
681,Olinda,BR,-8.0089,-34.8553,82.4,65,40,9.22,scattered clouds
682,Birao,CF,10.2849,22.7882,98.71,7,67,11.14,broken clouds
683,Champerico,GT,14.3,-91.9167,84.2,65,0,5.01,clear sky
684,Ahuimanu,US,21.4447,-157.8378,73.4,78,20,5.75,few clouds
685,Garh Maharaja,PK,30.8339,71.9053,83.68,24,1,6.78,clear sky
686,Tsaratanana,MG,-16.7833,47.65,76.53,88,19,3.36,light rain
687,Hampton,US,37.0299,-76.3452,66.2,52,1,9.22,clear sky
688,Khandyga,RU,62.6667,135.6,13.77,97,100,2.75,overcast clouds
